kk_shamsu40,0,225,2145
noemifanuele,20,954,494
aryaan97official,5,177,645
be_hzad6598,0,7,43
kirill_shabalov,1,56,173
mamacitaquebonita69,0,1411,6819
dream3626,24,203,2097
an_rgs9,0,908,819
bernardes080,13,195,1456
joey_b_ba_,4,87,773
safuan6674,0,73,379
slt.187,3,147,1030
olotarbaha,0,121,786
joao.canhete,3,188,501
marcelolandro97,2,471,4420
andre.m.metzger,45,171,240
frmrz2038,0,1,687
maw7274,1,52,241
kirolos.gamil1,6,434,1455
ix_nath,0,58,202
joaco_garcia10,0,349,1198
ybolanuth,0,3,512
usmanti_united,2,23,152
ehsan___turkiye_azerbaycan,53,13,1059
kwaku2567,1,186,1642
alirezaahanii,1,482,99
latte3020,0,74,714
jack.rodabaugh06,1,47,47
_yasser_bensalem_,7,948,1203
soldhiniosow,9,124,563
gullinho_77,92,2223,1045
_ivanden_,4,10000,87
rury_filly,233,385,339
skcorpioo,24,134,1084
72amir_arsalan_motahari72,23,1190,352
yago_condal_5,13,273,801
_jaskaran_7,4,2165,408
dausonmafumu3,11,381,2312
money_niccur2,0,62,109
shirazpooor,4,392,1548
66.rsp,1,716,512
marachiuruakpa,0,132,1784
bernardosilvsx__,0,1055,507
maromeky12,17,244,975
bishalborboruah,0,16,212
juanferjoya,62,170,823
feezy__,20,2237,1639
mehranalee233,25,328,152
emcfadzen27,0,95,455
salah.belfa,0,51,394
keenansiao,0,208,899
izaruku5,5,35,374
storydepra,96,8854,257
abed_al_hamid_al_hassan4378194,7,50,242
kingsaiid2020,1,113,1336
ajouhri9,2,335,111
_artionn,1,217,336
zanns358,0,41,456
xkaw67,0,4,9
chavezsophiavaldez,22,159,1778
jorgevegaguardaparque,73,83,289
kelvinasb_93,3,421,1316
sajaalitunkara,0,1102,121
phillipaaron56,13,1051,701
_steviebaker_,2,276,798
jeonguda057,0,5,22
hinataakahori,2,156,299
ceren_cbci,6,671,551
r_libaan,0,233,186
molteaser6474,2,677,2052
ed_dy2769,3,102,362
gt_takipci_kullan,0,127,1193
fredbecky4,1,43,91
saraturcekova,7,1581,846
irving.plcs.5,0,190,833
fafkjr32,17,16,38
lalaalex.4,7,484,553
amitknw,2,69,154
kylestaplxtonn,1,282,633
zakariazakobwyhy,28,122,277
j3ck_on_60fps,13,46,419
mostafa.mahomed,0,368,4383
om_pi12,0,76,331
dean_mclaren1608,1,273,959
sungjun5746,0,3,29
bouzianebousmat588,5,304,768
mr.legend_20.09,0,13,46
1234longs2,58,103,894
wijaksanagema,0,137,275
dj_newbrook,0,113,1775
aboubacarmamoudoui,0,83,343
faysalsahali,0,1,46
josejoaquin39,0,1219,7151
papci0012,0,16,77
jetaiei,0,13,130
hassan.musavi99,14,2773,2208
tyiaer,0,1189,125
nina_simic7,5,534,755
leomeromina,1,74,1041
amriddin._,38,241,1590
birane126,3,150,811
varoalbarraciin,99,120,303
theeisik,0,96,88
kahlid.14,11,1678,7481
jgcm86,26,125,693
joel.kt_7,1,108,814
ada_guleryuzz,10,1100,5067
bernacuba11,1,81,1017
freddy_mac_2013,9,187,224
s.mamadou.9,7,940,904
mxl_hfz,2,1022,6677
ibraheem_riziq,2,46,116
abhishekrathoreak,2,283,266
zigo_x,4,113,1031
st.even348,0,9,9
omarbennejma4,1,168,1548
kubi2849,7,370,1924
nick_kigen,0,1515,581
alireza_dasineh.6,2,421,1790
nikolaipeters7,36,486,329
_neri.lauciani_,3,1634,7300
fab.409,6,1057,426
_maskii__10,0,286,652
ibrakhim_zholdoshov,52,206,750
2007_khaled_,95,94,230
_zulfadli_16,0,54,856
rdrkevcyl,171,186,535
basvilver,8,192,353
ryaz.to,0,507,854
elprofetapronosticos,28,211,757
dieu_thuy2302,338,236,431
mehmet__ali_34_44,12,117,637
keaton.huffey_freestyle,0,45,204
fin.y09,1,26,105
kiddd.jdr,0,53,80
magestik281077sgs,0,7,45
ballaz_11,0,298,372
mahdi1384323,9,203,1184
slavikprofam,0,17,54
ben.zina_mohamed_dhia_,1,35,238
poopypants160,3,312,3362
chokri_chicho,1,50,450
apdimawlid,5,1540,7496
mauricioramirez815,1,133,1091
mahsa_nariiman,0,36,924
resul._com,0,32,191
artinhaghani,0,46,161
longbi.tr,0,30,156
motkber_,0,18,52
amerpogba_6,0,226,719
seven_eagle444,23,215,701
_nicoo_ortega_,1,189,556
_blackrose7777,0,63,369
_ed_breezy_,18,154,394
r5ii49,0,199,2610
hamed_et68,10,363,3010
pooyainsta,54,205,539
vasilikivergou,1,142,939
dania_lsoltani,0,10,168
akselbenaziz,0,32,31
bhaskarsrv,54,129,331
jeftawesterink,1,218,569
kenney_ajee,13,168,1794
timothyb28,0,69,479
sachinnnnnnn_10,9,166,489
elbndaryhassan,10,118,828
bobbyagashee,0,580,5961
youssefelhmam,0,139,241
akma_firdaus16,0,445,980
anttonyy77,0,141,1530
jenimaualana,0,9,20
quanghuy.vu.5074,3,42,345
qodirov_abduvohid,51,112,824
thianadioubate,4,170,589
_smile._boy,4,189,295
jephthonndelice509,0,59,909
2000abdullmageed,3,202,3206
markzeraoficial,11,313,431
eriki__06,0,866,4471
saja_d5613,2,1,49
kukocsmith,4,82,1294
lhlw4496,1,128,520
lunilamorocha,99,420,336
muhamedali_myrzabek,0,209,469
amineamenno,10,285,321
fatur04_,3,411,1151
flani1381,0,26,187
__7dj,0,31,135
dresalco,0,560,5020
oestrella10,8,424,1452
dynamic_gamer2006,46,191,1036
richard.malko.94,1,104,182
a.fathi_12,0,52,450
donatik_ff,19,231,75
moncada__06,22,799,661
rakeshraj1512,0,62,389
agungmilanilo,8,339,3510
wahyudiansyah54,11,391,2740
jacksonturner99,3,393,1265
fitriansyah_16,35,682,514
sssokat,13,0,23
miala229,0,4,4964
xali_ashrafx,5,502,1420
mballa_michel,3,320,2331
lucky_darth_falco_pasto,6,1208,1061
andikaansara,0,276,444
domingossouzagabrielfilipe,1,536,4668
pierre_rolland10,1,175,145
mujaahidvanreenen,19,117,925
damirondybaev,2,19,128
stephepro,75,62,150
kofiwusu509,1,173,1577
agu_x7,2,63,119
deqanios,13,2572,2236
sergejvolkov15,0,57,153
bartha_tamas_10,17,160,509
isopening,0,120,5949
megan_rhode_,0,222,1052
_hendricx7,121,5365,2349
lame.daniel21,0,13,65
dinhdongdong11,0,214,128
eleia.zr,5,72,174
mohammedosama_15,2,563,6937
dmitriy.scherbakov,114,236,324
wildanvaly,2,1212,440
drizybens,0,931,1078
sugarboy5000000,0,6,66
coaoao_d,6,1216,2163
alireza.daei.074,3,42,293
viktoriyaastoyanovaa_003,3,106,188
al.indumentaria.enc,23,68,94
albgita,22,11,2371
rezzil.fc,168,1658,833
theycallme._juan,0,223,554
qwerttasrrxzad,44,83,929
miller200590,40,111,323
sarrb211,5,136,662
abolfazl10275,1,110,580
jafaar_mhanna,0,42,299
habibnisane,73,724,336
m.r.nasution_15,1,44,515
sudngacab,1,25,234
mohamed93lbg,2,31,74
danya_qick,11,83,195
itsmostlyluck,6,238,1407
tretti4,8,286,825
erhickr,4,71,460
donartsadiku_,1,278,213
x_fanboyi,0,11,90
a___mir__7869,8,94,182
srisvi2003,0,1,14
meekael.0,0,850,1673
itsme_kerem,0,78,869
dgjitddjkiclyrs,1,23,141
nguvitjitank065,10,61,229
prescottalfie,0,41,260
mrinstagr2019,0,134,2846
salmamouhammed11,50,77,6417
gbfet25,0,106,1254
narendran50,0,9,163
connorjarvis_123,2,538,2857
alexis.vega15,0,275,463
kai.theo_14,0,849,823
hacerraygorr,0,250,2279
kyle.hofsta,3,573,693
elhajidaouda,0,32,904
x_.jo_.ke_r._x,0,257,1870
enzo.mussa,1,42,215
bdlmlg5,0,620,6100
7usharani,12,191,1437
baopham2610,0,154,2802
johnsamuel_7,10,186,214
23lishetr,39,252,989
miguelmendes_22,3,957,1032
henryglackinn,1,1531,3632
cornelius_nkomazana,0,24,134
so.lomon_7,16,54,230
rubenelting_,0,137,715
muzh_adhy,3,180,159
md_muhammad.tle,1,4670,904
dodonov_den,23,220,532
hazza.up,27,484,455
jm1518626,6,171,821
mouaad2mz,4,992,245
tarq.azizi60gmail,430,283,1970
mrzglvv,0,161,156
vernier_francesco,3,71,367
barriocerrodenis,14,190,238
fcvfouvdd,0,51,411
p4l0ck33,0,39,294
alexjr.football.fs,8,256,739
foottballistt,0,22,61
joscarlos808,0,24,30
rataj.maciek,8,317,1485
rafa_ramirez1721,0,194,337
_young_neat_,7,115,554
craftyounes,3,64,186
elinewiel,4,55,199
kairoome,0,237,675
championcrespo123,1,42,473
im_el_iel,0,585,941
alfin_alamauri,0,65,602
judithazh,0,808,697
isunzyho_,0,31,409
la_vage_professionnel,1,9,17
ar_mabrouk,10,301,1268
shashidharnavi,10,866,2075
mfaroukkkk,2,849,867
marin.macesic,1,132,172
mahan.dehnam,0,15,33
bruno.mu.k3,3,9,211
jawherjbari,2,393,1520
lord_manco,15,90,343
akash_heer_9,54,355,178
hudsonalbert92,3,351,999
walter.guzman.167,3,22,166
rooomeo___,7,308,42
faeyz_nadji,2,74,680
levicochenour,1,294,233
yfransantos,6,216,2141
subhi_zarrin,39,237,1980
raedanironew,0,203,869
tmam2229,1,91,679
sinakhaledi,3,3589,227
stellios_loko,10,173,1518
rakhimzhan_8697,1,155,122
_ajay_3502,13,164,408
anton.rostoff,8,194,361
ivanczv10,40,93,2055
__v.e.r.s.a.c.e,0,212,3230
iam_kaa99,3,61,264
sipanmohamadp,5,31,67
mohamedazizsliti,5,499,2027
ez_zaari,0,88,1095
azziz011,34,75,56
nathan_kashama_nkt9,0,12,279
wajihlamoud,1,545,1010
simarjot046,33,227,179
ilanchatigny,15,270,589
tonyphan2207,0,3,59
abdulhay8921,0,100,712
cilip_roze,16,122,1141
brendonmakiyi8992020,1,26,111
arman._muradyan._,30,171,1349
ndaoabdalah,0,64,515
alirezarasolii7,0,86,355
pndsecret,0,62,822
danirgazizyanov,9,183,579
anton_antwan18,5,28,116
hossam.hassn.12979431,1,40,133
jahangirmuhamedoff,19,1075,698
new.bet.100,2,88,574
aronab35,8,985,1058
lucas_labase,0,103,548
oladayoshola25,3,12,111
hamza_bachia,5,204,445
two.elevenn,0,189,252
khar3602,1,223,1684
raxh4d,2,195,1896
angga100895,3,92,128
roy.carlin,2,132,950
jalallilou,0,37,129
oussamalahrouz,1,188,2091
mouadamzil1,0,135,883
p_brankovich,14,281,286
hepi.alvaro,1446,92,541
zachcgriffith,4,496,1967
suhailhussein5,3,6,179
giovi.55,33,85,170
hamanikhalid42,3,57,267
ogishaaq_,43,69,3713
skkeliii,5,12,188
anistriaa.triaa,12,84,1112
sunzubandabonanos,0,19,69
erickrooss3,10,457,1528
samirnewa__,8,602,193
ilhanhamdi,189,813,323
ozzz06,0,10,66
jhonny_diazzz,2,1201,2632
diegoanfari,20,221,670
ltwfy.smy,26,16,1660
lutfiye69332,0,118,147
charlie_edge21,6,1301,2788
joro.08,8,1066,1104
gad.kasongo,4,136,778
rkbrookes,402,290,992
zayx47,14,70,229
shodiev_khurshed_,0,8,15
