ivan_navi2434,1157,1471,5714
mahmoud_abo_glal,102,499,6059
mehdii_tajii4,151,745,3754
rwhllhqyw,27,508,2264
dillon_reus10,15,391,1953
alesso_10,23,493,1253
baba_stevo,73,524,6195
nabilphilippe,53,685,4172
tekkerz_goal,42,1151,2774
waleedisrar010,98,454,3207
showcasefootball,115,1757,5546
kavan._.fs,15,548,1066
ahmed.anwar.elhelaly,36,421,885
unique_sharan1,114,317,1016
eduardo_augusto_durans,28,534,2634
amiralibarani2020,120,464,2515
_karimhalabi_,393,361,1478
picu_deca,34,486,3411
alex_ander1903,182,364,2715
fortnite_muji,46,813,3642
aliahwazi0092,19,476,2211
04_fozilbek_,71,456,1421
ndevumbili,606,525,1495
muneer.lewin,22,415,1089
_cesario__,25,1062,6483
x__4__6,326,1088,5921
ashleighfootballacc,13,322,582
abde.rezzaq,24,551,2301
benjamin1384_bbb,106,596,3333
nl_tactical_board,179,1043,7498
x_cheburek,29,316,3235
courtoisgoatsfc,15,425,2792
ericgama_xerecrazy470,31,362,6003
rollsroyce_officiel,48,389,2805
lradosevic10,211,1335,7439
mrtekkz,108,686,841
contreras7100,472,1165,4832
adrianelburro,13,4093,7245
nicole_mercado_12,79,598,1714
hmdmysy10,53,377,1069
clubismo_fc_,98,700,1800
jac_ksonnoficiall,31,345,1814
peter_parker009,310,1251,2450
hanafirahmad24,126,783,5745
robyo_49,12,1863,3798
gubich_7_,421,555,1549
sajidalibapra,39,834,3848
khalifamorad9,42,503,3610
johnsirkennyj,38,435,3954
