halit9.l,4,228,733
eyasu_w_,2,431,459
deepak.yaduwanshi.3538,1,63,89
dewey_4,85,236,622
ashok_c_r_0_7,74,260,1239
web.developer.509,0,114,858
naqvi.nayeem,41,452,258
alexy_404,0,147,218
nico_duprat,0,76,136
apes_shybb,0,9,115
adsmgard58,7,52,163
arturo.siller,94,169,622
paradise_island07,6,144,471
k0sta___,0,141,370
muhaiminsheik,116,257,1492
alberto.gs0,8,133,150
ryderschile,4,96,248
_prashant_sapkale_,10,153,289
chetanshirsalkar,195,1303,270
rahil__belim,0,8,17
joan.marcel_,3,173,456
moiazjiwani,30,156,1636
theyatijain,0,32,38
venkat_reddy_1999,4,38,93
mohamed_cherrfaoui,5,168,420
prince_bgm_available,22,34,146
baldezo313_,6,324,1264
mr.saxany,0,120,151
me_rahul_c,48,195,1366
oszlgeri,2,660,2507
henrycoffin0,1,34,11
ankurraj845,3,103,95
momo.k_1807,0,116,397
alexxander36,49,269,1930
toni.volhrd,0,235,254
